{
  "patient_id": "BraTS-GLI-01533-000",
  "run_dir": "/mnt/home/users/tic_163_uma/mpascual/execs/vena/experiments/2026-06-12_01-27-55_s1_fft_cfm_c9b97556",
  "nfe": 10,
  "variants": {
    "v0": {
      "aug_params": null,
      "block_2_proxy_absdelta_channelmean": {
        "WT": {
          "n": 5658,
          "mean": 0.07077030837535858,
          "p99": 0.23490691184997559,
          "max": 0.3881766200065613
        },
        "brain_minus_WT": {
          "n": 22542,
          "mean": 0.07259836047887802,
          "p99": 0.24566279351711273,
          "max": 0.41652411222457886
        }
      },
      "block_5_proxy_absdelta_channelmean": {
        "WT": {
          "n": 45264,
          "mean": 0.09601084887981415,
          "p99": 0.32522445917129517,
          "max": 0.6597158908843994
        },
        "brain_minus_WT": {
          "n": 180336,
          "mean": 0.10659734159708023,
          "p99": 0.3789845108985901,
          "max": 1.3028854131698608
        }
      },
      "block_2_lpl": {
        "n_channels": 256,
        "L_dec_global": 1.368660807609558,
        "L_dec_WT": 1.7341691255569458,
        "L_dec_notWT": 1.7081615924835205,
        "ratio_L_dec_WT_over_notWT": 1.0152254524325257,
        "per_channel_L_dec_global": {
          "min": 0.1710294634103775,
          "p10": 1.1217608451843262,
          "p50": 1.4299147129058838,
          "p90": 1.58927321434021,
          "p99": 1.691604733467102,
          "max": 1.7713706493377686,
          "std": 0.26761001348495483
        },
        "channel_concentration": {
          "n_top_channels_for_50pct_loss": 114,
          "n_top_channels_for_80pct_loss": 189,
          "n_top_channels_for_95pct_loss": 232,
          "max_over_median_ratio": 1.2387945652008057
        },
        "per_channel_WT_over_notWT_ratio": {
          "p50": 1.010322093963623,
          "p90": 1.085391879081726,
          "max": 1.3362668752670288
        }
      },
      "block_5_lpl": {
        "n_channels": 128,
        "L_dec_global": 0.6146559715270996,
        "L_dec_WT": 1.5264577865600586,
        "L_dec_notWT": 1.8724608421325684,
        "ratio_L_dec_WT_over_notWT": 0.8152147976678419,
        "per_channel_L_dec_global": {
          "min": 0.03308343514800072,
          "p10": 0.3766869604587555,
          "p50": 0.645828366279602,
          "p90": 0.825746476650238,
          "p99": 0.9173566699028015,
          "max": 0.9544142484664917,
          "std": 0.19167689979076385
        },
        "channel_concentration": {
          "n_top_channels_for_50pct_loss": 51,
          "n_top_channels_for_80pct_loss": 88,
          "n_top_channels_for_95pct_loss": 112,
          "max_over_median_ratio": 1.4778140783309937
        },
        "per_channel_WT_over_notWT_ratio": {
          "p50": 0.8169082999229431,
          "p90": 0.925065815448761,
          "max": 1.121139407157898
        }
      }
    },
    "v1": {
      "aug_params": "{\"variant\": \"v1\", \"transforms\": [{\"probability\": 1, \"copy\": true, \"include\": [\"t1pre\", \"t2\", \"flair\"], \"exclude\": null, \"keep\": null, \"parse_input\": true, \"label_keys\": null, \"args_names\": [\"coefficients\", \"order\"], \"coefficients\": {\"t1pre\": [-0.4147707223892212, -0.19553035497665405, 0.38669413328170776, -0.23243820667266846, -0.13131868839263916, -0.3901289105415344, 0.25202715396881104, 0.30409669876098633, 0.3249189257621765, -0.4708765745162964, 0.47537875175476074, -0.08662921190261841, 0.15971839427947998, -0.06277817487716675, 0.45019692182540894, 0.3658609986305237, -0.09988391399383545, -0.08225816488265991, -0.08866626024246216, 0.12712514400482178], \"t2\": [0.2369910478591919, -0.012777388095855713, 0.23372304439544678, -0.1189723014831543, 0.0027594566345214844, 0.11872291564941406, -0.2754504084587097, 0.47718995809555054, 0.35621535778045654, -0.33349549770355225, -0.30688971281051636, -0.10059982538223267, -0.24279820919036865, -0.07851594686508179, -0.12116801738739014, -0.42760419845581055, 0.11766201257705688, -0.2542892098426819, 0.06768137216567993, -0.15234065055847168], \"flair\": [0.47677260637283325, 0.12207192182540894, -0.12754714488983154, 0.3148263692855835, 0.30869060754776, -0.1557791829109192, 0.14657920598983765, 0.0217745304107666, -0.4867704510688782, 0.40993595123291016, -0.3221874237060547, 0.22510749101638794, -0.3128763437271118, -0.26166611909866333, -0.173345148563385, 0.07560652494430542, -0.21931815147399902, -0.39894330501556396, -0.30600792169570923, 0.05824172496795654]}, \"order\": {\"t1pre\": 3, \"t2\": 3, \"flair\": 3}, \"invert_transform\": false, \"name\": \"BiasField\"}]}",
      "block_2_proxy_absdelta_channelmean": {
        "WT": {
          "n": 5658,
          "mean": 0.07380380481481552,
          "p99": 0.24192999303340912,
          "max": 0.3952728509902954
        },
        "brain_minus_WT": {
          "n": 22542,
          "mean": 0.0743267834186554,
          "p99": 0.24761411547660828,
          "max": 0.43597084283828735
        }
      },
      "block_5_proxy_absdelta_channelmean": {
        "WT": {
          "n": 45264,
          "mean": 0.10457328706979752,
          "p99": 0.3513486683368683,
          "max": 0.6534206867218018
        },
        "brain_minus_WT": {
          "n": 180336,
          "mean": 0.1139083206653595,
          "p99": 0.40941154956817627,
          "max": 1.216784119606018
        }
      },
      "block_2_lpl": {
        "n_channels": 256,
        "L_dec_global": 1.3796011209487915,
        "L_dec_WT": 1.8383140563964844,
        "L_dec_notWT": 1.7976638078689575,
        "ratio_L_dec_WT_over_notWT": 1.022612820233454,
        "per_channel_L_dec_global": {
          "min": 0.18474215269088745,
          "p10": 1.1307525634765625,
          "p50": 1.441007137298584,
          "p90": 1.6043246984481812,
          "p99": 1.67747962474823,
          "max": 1.819663405418396,
          "std": 0.2654055655002594
        },
        "channel_concentration": {
          "n_top_channels_for_50pct_loss": 114,
          "n_top_channels_for_80pct_loss": 190,
          "n_top_channels_for_95pct_loss": 232,
          "max_over_median_ratio": 1.2627719640731812
        },
        "per_channel_WT_over_notWT_ratio": {
          "p50": 1.0175325870513916,
          "p90": 1.0907858610153198,
          "max": 1.1812784671783447
        }
      },
      "block_5_lpl": {
        "n_channels": 128,
        "L_dec_global": 0.6642887592315674,
        "L_dec_WT": 1.7685050964355469,
        "L_dec_notWT": 2.0879595279693604,
        "ratio_L_dec_WT_over_notWT": 0.8470016170071563,
        "per_channel_L_dec_global": {
          "min": 0.032920412719249725,
          "p10": 0.4221667945384979,
          "p50": 0.6940205097198486,
          "p90": 0.8708770871162415,
          "p99": 0.9877170324325562,
          "max": 1.0540876388549805,
          "std": 0.2006988376379013
        },
        "channel_concentration": {
          "n_top_channels_for_50pct_loss": 51,
          "n_top_channels_for_80pct_loss": 89,
          "n_top_channels_for_95pct_loss": 112,
          "max_over_median_ratio": 1.5188133716583252
        },
        "per_channel_WT_over_notWT_ratio": {
          "p50": 0.8368098735809326,
          "p90": 0.9399225115776062,
          "max": 1.2581050395965576
        }
      }
    },
    "v2": {
      "aug_params": "{\"variant\": \"v2\", \"transforms\": [{\"probability\": 1, \"copy\": true, \"include\": [\"t1pre\", \"t2\", \"flair\"], \"exclude\": null, \"keep\": null, \"parse_input\": true, \"label_keys\": null, \"args_names\": [], \"num_control_points\": [8, 12], \"prob\": 1.0, \"name\": \"MonaiHistogramShift\"}]}",
      "block_2_proxy_absdelta_channelmean": {
        "WT": {
          "n": 5658,
          "mean": 0.07112310826778412,
          "p99": 0.2308603972196579,
          "max": 0.38226237893104553
        },
        "brain_minus_WT": {
          "n": 22542,
          "mean": 0.07141753286123276,