nfe,n_patients,gen_sec_mean,gen_sec_std,decode_sec_mean,decode_sec_std,total_sec_mean
1,36,0.0756466,0.103378,1.09262,0.0256442,1.16827
2,36,0.179929,0.0399688,1.11734,0.0523214,1.29726
5,36,0.276407,0.00324422,1.1588,0.0256828,1.43521
10,36,0.544394,0.00588423,1.15324,0.0169901,1.69764
20,36,1.07976,0.00869454,1.13981,0.0131496,2.21957
