nfe,n_patients,gen_sec_mean,gen_sec_std,decode_sec_mean,decode_sec_std,total_sec_mean
1,36,0.0672159,0.106163,1.1361,0.0430588,1.20331
2,36,0.097462,0.00409724,1.09966,0.0878025,1.19712
5,36,0.230149,0.00784387,1.13436,0.0413446,1.36451
10,36,0.455268,0.0205766,1.124,0.0361756,1.57927
20,36,0.888084,0.0220836,1.13003,0.0380054,2.01812
