nfe,n_patients,gen_sec_mean,gen_sec_std,decode_sec_mean,decode_sec_std,total_sec_mean
1,36,0.0721892,0.0804889,1.14077,0.0345426,1.21296
2,36,0.116226,0.00191933,1.10236,0.0239336,1.21859
5,36,0.28234,0.0138742,1.09473,0.0187625,1.37707
10,36,0.544917,0.00592429,1.17168,0.0337576,1.7166
20,36,1.08014,0.0093711,1.15424,0.0432959,2.23438
