nfe,n_patients,gen_sec_mean,gen_sec_std,decode_sec_mean,decode_sec_std,total_sec_mean
1,36,0.0638801,0.091284,1.13535,0.0442108,1.19923
2,36,0.0981683,0.00616684,1.10089,0.0843582,1.19906
5,36,0.230723,0.0147514,1.13435,0.040376,1.36508
10,36,0.455558,0.0239546,1.12644,0.0336476,1.582
20,36,0.89688,0.0306468,1.13185,0.0374077,2.02873
