{
  "patient_id": "Patient-065__week-079",
  "run_dir": "/mnt/home/users/tic_163_uma/mpascual/execs/vena/experiments/2026-06-12_01-27-55_s1_fft_cfm_c9b97556",
  "nfe": 10,
  "variants": {
    "v0": {
      "aug_params": null,
      "block_2_proxy_absdelta_channelmean": {
        "WT": {
          "n": 5314,
          "mean": 0.08757241070270538,
          "p99": 0.29939213395118713,
          "max": 0.5274916887283325
        },
        "brain_minus_WT": {
          "n": 19785,
          "mean": 0.07553718984127045,
          "p99": 0.24829882383346558,
          "max": 0.4497275948524475
        }
      },
      "block_5_proxy_absdelta_channelmean": {
        "WT": {
          "n": 42512,
          "mean": 0.13711394369602203,
          "p99": 0.5106068849563599,
          "max": 1.0166873931884766
        },
        "brain_minus_WT": {
          "n": 158280,
          "mean": 0.11306954175233841,
          "p99": 0.3958393931388855,
          "max": 0.8125142455101013
        }
      },
      "block_2_lpl": {
        "n_channels": 256,
        "L_dec_global": 1.4963281154632568,
        "L_dec_WT": 2.5074291229248047,
        "L_dec_notWT": 1.8612490892410278,
        "ratio_L_dec_WT_over_notWT": 1.3471754734060197,
        "per_channel_L_dec_global": {
          "min": 0.21924494206905365,
          "p10": 1.2717143297195435,
          "p50": 1.5687410831451416,
          "p90": 1.7250781059265137,
          "p99": 1.8138103485107422,
          "max": 1.8965095281600952,
          "std": 0.28283974528312683
        },
        "channel_concentration": {
          "n_top_channels_for_50pct_loss": 115,
          "n_top_channels_for_80pct_loss": 190,
          "n_top_channels_for_95pct_loss": 232,
          "max_over_median_ratio": 1.2089372873306274
        },
        "per_channel_WT_over_notWT_ratio": {
          "p50": 1.3334015607833862,
          "p90": 1.4733076095581055,
          "max": 3.0299081802368164
        }
      },
      "block_5_lpl": {
        "n_channels": 128,
        "L_dec_global": 0.7378706336021423,
        "L_dec_WT": 3.3906519412994385,
        "L_dec_notWT": 2.108609914779663,
        "ratio_L_dec_WT_over_notWT": 1.6080034137816055,
        "per_channel_L_dec_global": {
          "min": 0.03348024934530258,
          "p10": 0.47811245918273926,
          "p50": 0.7617028951644897,
          "p90": 0.9672781825065613,
          "p99": 1.165124773979187,
          "max": 1.2297642230987549,
          "std": 0.22145628929138184
        },
        "channel_concentration": {
          "n_top_channels_for_50pct_loss": 52,
          "n_top_channels_for_80pct_loss": 90,
          "n_top_channels_for_95pct_loss": 112,
          "max_over_median_ratio": 1.6144932508468628
        },
        "per_channel_WT_over_notWT_ratio": {
          "p50": 1.5738435983657837,
          "p90": 2.3946290016174316,
          "max": 5.441811561584473
        }
      }
    },
    "v1": {
      "aug_params": "{\"variant\": \"v1\", \"transforms\": [{\"probability\": 1, \"copy\": true, \"include\": [\"t1pre\", \"t2\", \"flair\"], \"exclude\": null, \"keep\": null, \"parse_input\": true, \"label_keys\": null, \"args_names\": [\"coefficients\", \"order\"], \"coefficients\": {\"t1pre\": [-0.3617079257965088, -0.013502895832061768, 0.32147765159606934, -0.043263137340545654, -0.18750500679016113, 0.0872107744216919, -0.17616188526153564, 0.08198732137680054, 0.21396619081497192, -0.4750816822052002, 0.48890072107315063, -0.3674899935722351, -0.2092123031616211, -0.3396870493888855, -0.4418484568595886, -0.09409183263778687, 0.030441343784332275, -0.04115206003189087, 0.46345800161361694, -0.09707331657409668], \"t2\": [-0.3146703243255615, 0.16228467226028442, 0.30444467067718506, 0.041773438453674316, -0.24902701377868652, 0.06668376922607422, 0.08456510305404663, -0.3797559142112732, 0.41121387481689453, -0.35096973180770874, -0.2795611023902893, 0.03093773126602173, 0.1617603898048401, -0.3587976098060608, 0.0874890685081482, -0.3491019010543823, -0.4805191159248352, 0.24682527780532837, 0.239143967628479, -0.3724292516708374], \"flair\": [-0.37853872776031494, 0.3852168917655945, 0.11841028928756714, -0.4240226745605469, -0.28859061002731323, 0.39158374071121216, -0.20693284273147583, 0.39884573221206665, 0.22817909717559814, 0.02787148952484131, 0.09786033630371094, 0.256838858127594, -0.4047156572341919, 0.4267127513885498, -0.32023370265960693, 0.09103572368621826, 0.36865127086639404, 0.3062900900840759, 0.3680562973022461, -0.01466137170791626]}, \"order\": {\"t1pre\": 3, \"t2\": 3, \"flair\": 3}, \"invert_transform\": false, \"name\": \"BiasField\"}, {\"probability\": 1, \"copy\": true, \"include\": [\"t1pre\", \"t2\", \"flair\"], \"exclude\": null, \"keep\": null, \"parse_input\": true, \"label_keys\": null, \"args_names\": [\"gamma\"], \"gamma\": {\"t1pre\": [1.2451425153955644], \"t2\": [1.3121571827337635], \"flair\": [1.3011209360892726]}, \"invert_transform\": false, \"name\": \"Gamma\"}]}",
      "block_2_proxy_absdelta_channelmean": {
        "WT": {
          "n": 5314,
          "mean": 0.0884610041975975,
          "p99": 0.2976655066013336,
          "max": 0.4671919047832489
        },
        "brain_minus_WT": {
          "n": 19785,
          "mean": 0.0794292762875557,
          "p99": 0.26607510447502136,
          "max": 0.4858357608318329
        }
      },
      "block_5_proxy_absdelta_channelmean": {
        "WT": {
          "n": 42512,
          "mean": 0.13678881525993347,
          "p99": 0.5101078748703003,
          "max": 1.055092215538025
        },
        "brain_minus_WT": {
          "n": 158280,
          "mean": 0.1234339252114296,
          "p99": 0.43826788663864136,
          "max": 0.916385293006897
        }
      },
      "block_2_lpl": {
        "n_channels": 256,
        "L_dec_global": 1.504977822303772,
        "L_dec_WT": 2.5694291591644287,
        "L_dec_notWT": 1.9543739557266235,
        "ratio_L_dec_WT_over_notWT": 1.3147070199311635,
        "per_channel_L_dec_global": {
          "min": 0.23058341443538666,
          "p10": 1.2946600914001465,
          "p50": 1.570159912109375,
          "p90": 1.7247343063354492,
          "p99": 1.8193254470825195,
          "max": 1.9448548555374146,
          "std": 0.2768872082233429
        },
        "channel_concentration": {
          "n_top_channels_for_50pct_loss": 115,
          "n_top_channels_for_80pct_loss": 191,
          "n_top_channels_for_95pct_loss": 232,
          "max_over_median_ratio": 1.2386349439620972
        },
        "per_channel_WT_over_notWT_ratio": {
          "p50": 1.2942235469818115,
          "p90": 1.4598639011383057,
          "max": 3.0981979370117188
        }
      },
      "block_5_lpl": {
        "n_channels": 128,
        "L_dec_global": 0.7882038354873657,
        "L_dec_WT": 3.6209988594055176,
        "L_dec_notWT": 2.4046425819396973,
        "ratio_L_dec_WT_over_notWT": 1.5058366206276903,
        "per_channel_L_dec_global": {
          "min": 0.04166409373283386,
          "p10": 0.5056793093681335,
          "p50": 0.8182884454727173,
          "p90": 1.0334781408309937,
          "p99": 1.1906914710998535,
          "max": 1.3493696451187134,
          "std": 0.22722700238227844
        },
        "channel_concentration": {
          "n_top_channels_for_50pct_loss": 52,
          "n_top_channels_for_80pct_loss": 90,
          "n_top_channels_for_95pct_loss": 113,
          "max_over_median_ratio": 1.6490147113800049
        },
        "per_channel_WT_over_notWT_ratio": {
          "p50": 1.4833910465240479,
          "p90": 2.145735740661621,
          "max": 3.903459310531616
        }
      }
    },