{
  "patient_id": "UCSF-PDGM-0089",
  "run_dir": "/mnt/home/users/tic_163_uma/mpascual/execs/vena/experiments/2026-06-12_01-27-55_s1_fft_cfm_c9b97556",
  "nfe": 10,
  "variants": {
    "v0": {
      "aug_params": null,
      "block_2": {
        "WT": {
          "n": 5005,
          "mean": 0.07628073543310165,
          "p99": 0.25262922048568726,
          "max": 0.3587109446525574
        },
        "brain_minus_WT": {
          "n": 25545,
          "mean": 0.0626930296421051,
          "p99": 0.2102421373128891,
          "max": 0.4014972448348999
        }
      },
      "block_5": {
        "WT": {
          "n": 40040,
          "mean": 0.10836246609687805,
          "p99": 0.38456156849861145,
          "max": 0.6565418243408203
        },
        "brain_minus_WT": {
          "n": 204360,
          "mean": 0.08407693356275558,
          "p99": 0.30317923426628113,
          "max": 0.8623966574668884
        }
      }
    },
    "v1": {
      "aug_params": "{\"variant\": \"v1\", \"transforms\": [{\"probability\": 1, \"copy\": true, \"include\": [\"t1pre\", \"t2\", \"flair\"], \"exclude\": null, \"keep\": null, \"parse_input\": true, \"label_keys\": null, \"args_names\": [\"coefficients\", \"order\"], \"coefficients\": {\"t1pre\": [0.20314109325408936, 0.2755720615386963, -0.19746464490890503, 0.363736629486084, 0.14138561487197876, 0.17111945152282715, 0.1936568021774292, -0.2934805154800415, 0.22286081314086914, -0.046804189682006836, -0.40955406427383423, 0.29758816957473755, 0.09967541694641113, 0.3161000609397888, 0.3247862458229065, -0.11539417505264282, -0.14363282918930054, 0.33626818656921387, 0.14680618047714233, -0.27168703079223633], \"t2\": [0.10804587602615356, 0.4800981879234314, 0.04876410961151123, 0.25776994228363037, 0.44078898429870605, -0.3466870188713074, -0.07961130142211914, -0.13007265329360962, 0.4965684413909912, 0.0388985276222229, 0.10408937931060791, -0.06593239307403564, 0.4252837300300598, -0.22143954038619995, -0.499267041683197, 0.28812307119369507, 0.2814182639122009, -0.3677937984466553, -0.498430073261261, -0.13806450366973877], \"flair\": [0.43437808752059937, 0.2651178240776062, 0.31491345167160034, 0.34143882989883423, 0.13131821155548096, 0.19062763452529907, 0.22680753469467163, 0.05852276086807251, 0.27912503480911255, -0.13580167293548584, -0.40143048763275146, -0.3705418109893799, 0.24963998794555664, 0.4509779214859009, -0.10752296447753906, -0.0055945515632629395, 0.39454156160354614, -0.3261679410934448, -0.3828936815261841, 0.11794757843017578]}, \"order\": {\"t1pre\": 3, \"t2\": 3, \"flair\": 3}, \"invert_transform\": false, \"name\": \"BiasField\"}, {\"probability\": 1, \"copy\": true, \"include\": [\"t1pre\", \"t2\", \"flair\"], \"exclude\": null, \"keep\": null, \"parse_input\": true, \"label_keys\": null, \"args_names\": [\"gamma\"], \"gamma\": {\"t1pre\": [1.277473687817572], \"t2\": [1.1928676757243522], \"flair\": [1.1687039468352334]}, \"invert_transform\": false, \"name\": \"Gamma\"}]}",
      "block_2": {
        "WT": {
          "n": 5005,
          "mean": 0.08381182700395584,
          "p99": 0.275304913520813,
          "max": 0.430187463760376
        },
        "brain_minus_WT": {
          "n": 25545,
          "mean": 0.06928437203168869,
          "p99": 0.2324552834033966,
          "max": 0.42223143577575684
        }
      },
      "block_5": {
        "WT": {
          "n": 40040,
          "mean": 0.12229610234498978,
          "p99": 0.42566975951194763,
          "max": 0.729823648929596
        },
        "brain_minus_WT": {
          "n": 204360,
          "mean": 0.09708584100008011,
          "p99": 0.35277020931243896,
          "max": 0.9117011427879333
        }
      }
    },
    "v2": {
      "aug_params": "{\"variant\": \"v2\", \"transforms\": [{\"probability\": 1, \"copy\": true, \"include\": [\"t1pre\", \"t2\", \"flair\"], \"exclude\": null, \"keep\": null, \"parse_input\": true, \"label_keys\": null, \"args_names\": [], \"num_control_points\": [8, 12], \"prob\": 1.0, \"name\": \"MonaiHistogramShift\"}]}",
      "block_2": {
        "WT": {
          "n": 5005,
          "mean": 0.08620014041662216,
          "p99": 0.2813398241996765,
          "max": 0.458304762840271
        },
        "brain_minus_WT": {
          "n": 25545,
          "mean": 0.06834840774536133,
          "p99": 0.22714081406593323,
          "max": 0.4540761411190033
        }
      },
      "block_5": {
        "WT": {
          "n": 40040,
          "mean": 0.12175994366407394,
          "p99": 0.4517349302768707,
          "max": 0.943711519241333
        },
        "brain_minus_WT": {
          "n": 204360,
          "mean": 0.09463236480951309,
          "p99": 0.3473755121231079,
          "max": 0.9216387867927551
        }
      }
    },
    "v3": {
      "aug_params": "{\"variant\": \"v3\", \"transforms\": [{\"probability\": 1, \"copy\": true, \"include\": [\"t1pre\", \"t2\", \"flair\"], \"exclude\": null, \"keep\": null, \"parse_input\": true, \"label_keys\": null, \"args_names\": [\"mean\", \"std\", \"seed\"], \"noise_mean\": {\"t1pre\": 0.0, \"t2\": 0.0, \"flair\": 0.0}, \"noise_std\": {\"t1pre\": 0.014551693573594093, \"t2\": 0.023224277421832085, \"flair\": 0.020944073796272278}, \"seed\": {\"t1pre\": 712532084, \"t2\": 557466282, \"flair\": 1850817226}, \"invert_transform\": false, \"name\": \"Noise\"}]}",
      "block_2": {
        "WT": {
          "n": 5005,
          "mean": 0.07303103059530258,
          "p99": 0.24198642373085022,
          "max": 0.33536410331726074
        },
        "brain_minus_WT": {
          "n": 25545,
          "mean": 0.0597534216940403,
          "p99": 0.1985992044210434,
          "max": 0.35229477286338806
        }
      },
      "block_5": {
        "WT": {
          "n": 40040,
          "mean": 0.09870234876871109,
          "p99": 0.34843015670776367,
          "max": 0.6491556167602539
        },
        "brain_minus_WT": {
          "n": 204360,
          "mean": 0.07790937274694443,
          "p99": 0.273994505405426,
          "max": 0.6454905271530151
        }
      }
    },
    "v4": {
      "aug_params": "{\"variant\": \"v4\", \"transforms\": [{\"probability\": 1, \"copy\": true, \"include\": null, \"exclude\": null, \"keep\": null, \"parse_input\": true, \"label_keys\": null, \"args_names\": [\"control_points\", \"image_interpolation\", \"label_interpolation\", \"max_displacement\"], \"control_points\": {\"_ndarray_shape\": [7, 7, 7, 3], \"_dtype\": \"float32\"}, \"max_displacement\": [4.0, 4.0, 4.0], \"image_interpolation\": \"linear\", \"label_interpolation\": \"nearest\", \"invert_transform\": false, \"name\": \"ElasticDeformation\"}]}",
      "block_2": {
        "WT": {
          "n": 4869,
          "mean": 0.07651218771934509,
          "p99": 0.2600615620613098,
          "max": 0.4458368122577667
        },
        "brain_minus_WT": {
          "n": 124155,
          "mean": 0.06348247826099396,
          "p99": 0.2085643708705902,
          "max": 0.44318413734436035
        }
      },
      "block_5": {
        "WT": {
          "n": 38952,
          "mean": 0.11432026326656342,
          "p99": 0.4193156957626343,
          "max": 0.8397284746170044
        },
        "brain_minus_WT": {
          "n": 993240,
          "mean": 0.07457834482192993,
          "p99": 0.2745029926300049,
          "max": 0.9195263385772705
        }
      }
    }
  }
}