nfe,n_patients,gen_sec_mean,gen_sec_std,decode_sec_mean,decode_sec_std,total_sec_mean
1,36,0.0809237,0.0965512,1.11957,0.0525032,1.20049
2,36,0.118487,0.0100528,1.15715,0.0448405,1.27564
5,36,0.279965,0.0104433,1.11125,0.0368609,1.39121
10,36,0.559687,0.0279675,1.11846,0.045855,1.67815
20,36,1.09064,0.0213233,1.11362,0.0374104,2.20426
